geo,group
G00,control
G01,control
G02,control
G03,control
G04,treatment
G05,treatment
G06,treatment
G07,control
G08,treatment
G09,control
G10,control
G11,control
G12,treatment
G13,control
G14,control
G15,control
G16,control
G17,treatment
G18,treatment
G19,control
G20,control
G21,treatment
G22,treatment
G23,treatment
G24,treatment
G25,control
G26,treatment
G27,control
G28,treatment
G29,treatment
G30,control
G31,treatment
G32,control
G33,treatment
G34,control
G35,treatment
G36,treatment
G37,treatment
G38,treatment
G39,control
