geo,week,revenue,spend
G00,0,91204.10762945998,0.0
G00,1,92503.28469929818,0.0
G00,2,94859.55994138517,0.0
G00,3,95347.22288451932,0.0
G00,4,99417.02455157302,0.0
G00,5,97882.61185022962,0.0
G00,6,98785.98758582993,0.0
G00,7,88023.60942926275,0.0
G00,8,94281.98656039886,0.0
G00,9,90695.84070739463,0.0
G00,10,91739.93511963326,0.0
G00,11,89955.50628576208,0.0
G00,12,89092.72714795041,0.0
G00,13,92626.05148727741,0.0
G00,14,96390.01666432519,0.0
G00,15,94515.23967288346,0.0
G00,16,93096.32818693532,0.0
G00,17,94128.10690659552,0.0
G00,18,87134.62188146653,0.0
G00,19,79531.45300749947,0.0
G00,20,80332.57429277487,0.0
G00,21,75700.85250820052,0.0
G00,22,68804.7793607828,0.0
G00,23,68682.48569669871,0.0
G00,24,70174.87535324472,0.0
G00,25,69713.5770826603,0.0
G00,26,69624.60927443896,0.0
G00,27,75273.0317930508,0.0
G00,28,81455.7836675173,0.0
G00,29,80856.6550880449,0.0
G00,30,78218.86498394512,0.0
G00,31,79416.85965920224,0.0
G01,0,109892.57393381304,0.0
G01,1,107646.02654538411,0.0
G01,2,110210.39351253887,0.0
G01,3,110781.99755715148,0.0
G01,4,106146.11133908619,0.0
G01,5,111241.21115478367,0.0
G01,6,113810.80190352668,0.0
G01,7,107598.06979402159,0.0
G01,8,112417.33309916277,0.0
G01,9,111472.33489322236,0.0
G01,10,110115.90497727632,0.0
G01,11,109095.19384022673,0.0
G01,12,111897.59776650423,0.0
G01,13,104528.52427179567,0.0
G01,14,109747.99589609716,0.0
G01,15,112287.16257412844,0.0
G01,16,102388.37886310283,0.0
G01,17,104995.97960201786,0.0
G01,18,101523.73315108164,0.0
G01,19,101453.19894820054,0.0
G01,20,94229.54782372656,0.0
G01,21,90451.93437080499,0.0
G01,22,88767.41113463065,0.0
G01,23,83493.13253633659,0.0
G01,24,86505.64736922167,0.0
G01,25,86677.67232591868,0.0
G01,26,90102.31086065249,0.0
G01,27,89231.24610349242,0.0
G01,28,95134.04994368336,0.0
G01,29,96165.40261694958,0.0
G01,30,92913.50905333577,0.0
G01,31,92870.169847017,0.0
G02,0,47231.01576233844,0.0
G02,1,49540.655658102114,0.0
G02,2,52547.2785928324,0.0
G02,3,48380.704796090125,0.0
G02,4,48694.40090582387,0.0
G02,5,46467.97439213966,0.0
G02,6,47954.00450356917,0.0
G02,7,50628.4363471203,0.0
G02,8,52469.348468037926,0.0
G02,9,46011.99946253205,0.0
G02,10,45112.646656035045,0.0
G02,11,47274.532730259525,0.0
G02,12,50366.15493916073,0.0
G02,13,50106.418186358176,0.0
G02,14,47969.91084619322,0.0
G02,15,48934.45092554201,0.0
G02,16,48584.05574114681,0.0
G02,17,47573.53585995723,0.0
G02,18,45417.160668045675,0.0
G02,19,45693.733856296334,0.0
G02,20,44945.15564734471,0.0
G02,21,43310.60192633401,0.0
G02,22,41985.66503366606,0.0
G02,23,39528.25353350332,0.0
G02,24,39860.87901659651,0.0
G02,25,43261.8660857412,0.0
G02,26,43061.29311979252,0.0
G02,27,41150.229775992084,0.0
G02,28,45248.657098491254,0.0
G02,29,45887.34609074879,0.0
G02,30,48756.4000310508,0.0
G02,31,46149.922983806464,0.0
G03,0,125244.27414961757,0.0
G03,1,126607.13790887158,0.0
G03,2,130889.75869756738,0.0
G03,3,137805.07457578136,0.0
G03,4,134753.46110602602,0.0
G03,5,136401.65184804206,0.0
G03,6,128443.22854827243,0.0
G03,7,126503.07620301642,0.0
G03,8,112076.76625667811,0.0
G03,9,107624.00964249915,0.0
G03,10,115869.06175399828,0.0
G03,11,113817.35825142125,0.0
G03,12,119045.70138432109,0.0
G03,13,122276.5075256487,0.0
G03,14,128095.51800204616,0.0
G03,15,128376.86242950728,0.0
G03,16,128513.69631316353,0.0
G03,17,121492.45100519405,0.0
G03,18,113159.43984009756,0.0
G03,19,106640.45358413471,0.0
G03,20,102342.85983333412,0.0
G03,21,95866.95483806524,0.0
G03,22,94039.20022152795,0.0
G03,23,94612.8579949379,0.0
G03,24,96614.02113814732,0.0
G03,25,96179.68170875259,0.0
G03,26,90666.77200516524,0.0
G03,27,96004.34847340711,0.0
G03,28,100256.93067387595,0.0
G03,29,105630.75951660814,0.0
G03,30,105342.61524295268,0.0
G03,31,98970.85135682623,0.0
G04,0,111596.00216796798,0.0
G04,1,117553.4527990653,0.0
G04,2,120005.02455252301,0.0
G04,3,121245.86989333078,0.0
G04,4,113172.09852104707,0.0
G04,5,114233.8320124604,0.0
G04,6,110415.45870409995,0.0
G04,7,110909.85072792908,0.0
G04,8,107187.72699683628,0.0
G04,9,109368.66457430014,0.0
G04,10,111238.54655435699,0.0
G04,11,110564.02949223953,0.0
G04,12,111205.06530092783,0.0
G04,13,111504.24359726963,0.0
G04,14,109848.19733637843,0.0
G04,15,110229.33686876635,0.0
G04,16,108156.1565418347,0.0
G04,17,109478.52408217313,0.0
G04,18,106361.06504963938,0.0
G04,19,104762.06979596784,0.0
G04,20,94100.12191945096,0.0
G04,21,95727.8118658127,0.0
G04,22,89306.42965448531,0.0
G04,23,86116.24624693563,0.0
G04,24,87003.54525582009,0.0
G04,25,87157.06439601838,0.0
G04,26,96569.48785643298,3203.9189363352625
G04,27,96557.61441402389,3203.5250070743914
G04,28,95039.61220285528,3153.16172838545
G04,29,94997.32736949438,3151.758830002824
G04,30,102867.25538007452,3412.862124018205
G04,31,100313.20037373068,3328.12536729612
G05,0,122293.36225933125,0.0
G05,1,130493.99855253179,0.0
G05,2,132813.53481040915,0.0
G05,3,132806.96644112238,0.0
G05,4,135353.7131967803,0.0
G05,5,130894.75013413247,0.0
G05,6,127547.21114243279,0.0
G05,7,121657.4272155226,0.0
G05,8,120766.88347443861,0.0
G05,9,112086.82094579858,0.0
G05,10,115471.53781185258,0.0
G05,11,111645.65666231315,0.0
G05,12,107784.5403491635,0.0
G05,13,113163.51275244533,0.0
G05,14,122370.39046412315,0.0
G05,15,123365.02663156502,0.0
G05,16,116002.93765487355,0.0
G05,17,116063.4903499893,0.0
G05,18,108638.54855035208,0.0
G05,19,103920.18189875502,0.0
G05,20,100077.91774074598,0.0
G05,21,87024.93427634233,0.0
G05,22,89099.46169919807,0.0
G05,23,85241.85318716639,0.0
G05,24,84889.13309899627,0.0
G05,25,82687.07297947234,0.0
G05,26,86243.0633652151,2880.3232331985346
G05,27,88977.75022447975,2971.655588392213
G05,28,97625.37335441544,3260.466639869137
G05,29,104965.35890403729,3505.6055540608663
G05,30,100915.49595954079,3370.349292569951
G05,31,101738.77280552863,3397.8448769604474
G06,0,121465.34297206839,0.0
G06,1,122852.5193811514,0.0
G06,2,124203.92103051467,0.0
G06,3,124119.87431050249,0.0
G06,4,130174.7441881536,0.0
G06,5,135618.77577605916,0.0
G06,6,126110.45167817171,0.0
G06,7,125383.23365807913,0.0
G06,8,124917.5661664792,0.0
G06,9,122862.38505104792,0.0
G06,10,123214.16705860858,0.0
G06,11,117111.8409513541,0.0
G06,12,119851.38625267203,0.0
G06,13,127806.91686502904,0.0
G06,14,126475.49817138024,0.0
G06,15,118957.15431611521,0.0
G06,16,120153.36085118973,0.0
G06,17,122357.62217446948,0.0
G06,18,117505.64662403705,0.0
G06,19,109047.86996535854,0.0
G06,20,112038.8508060807,0.0
G06,21,100379.1496212021,0.0
G06,22,100923.67423025118,0.0
G06,23,98846.60965342895,0.0
G06,24,93512.77983073746,0.0
G06,25,100993.43676238731,0.0
G06,26,106316.32312384013,3574.4911152874774
G06,27,101234.23714567238,3403.6248678258567
G06,28,106349.86503420344,3575.6188373254536
G06,29,104301.6975699462,3506.7568207649256
G06,30,96356.21269648678,3239.619430641403
G06,31,96471.04233949838,3243.480150488143
G07,0,178811.96761245083,0.0
G07,1,188049.77891379854,0.0
G07,2,182241.6995609784,0.0
G07,3,181990.1369284852,0.0
G07,4,197840.22848432497,0.0
G07,5,194503.8968149773,0.0
G07,6,185568.0509169056,0.0
G07,7,183092.95594475442,0.0
G07,8,173933.3696931139,0.0
G07,9,173590.92904735816,0.0
G07,10,166841.8424189939,0.0
G07,11,170741.198115493,0.0
G07,12,161298.82781211424,0.0
G07,13,178046.6949299453,0.0
G07,14,174474.2890501072,0.0
G07,15,164985.01548743213,0.0
G07,16,168611.92922047048,0.0
G07,17,167028.6558623404,0.0
G07,18,166569.81885038,0.0
G07,19,154157.82927518274,0.0
G07,20,154569.60286019027,0.0
G07,21,171236.13524662703,0.0
G07,22,148435.55633752496,0.0
G07,23,146412.47474801124,0.0
G07,24,142538.2585792699,0.0
G07,25,145065.68480818663,0.0
G07,26,136418.32671211462,0.0
G07,27,137226.38111474566,0.0
G07,28,148015.3438610308,0.0
G07,29,150183.84838818104,0.0
G07,30,160132.17958643663,0.0
G07,31,148966.1890850706,0.0
G08,0,144380.55769817892,0.0
G08,1,149287.7264336434,0.0
G08,2,167446.54369249506,0.0
G08,3,168550.60092210417,0.0
G08,4,143533.80398317846,0.0
G08,5,145711.12438113862,0.0
G08,6,140632.33104914057,0.0
G08,7,145131.38083662867,0.0
G08,8,141273.7340002722,0.0
G08,9,150384.4713575748,0.0
G08,10,149177.09943967554,0.0
G08,11,148966.0690595598,0.0
G08,12,145942.0146612861,0.0
G08,13,144118.5268428391,0.0
G08,14,145956.24227230478,0.0
G08,15,152280.05751382292,0.0
G08,16,150154.93119617493,0.0
G08,17,142344.95040307785,0.0
G08,18,145162.54354283807,0.0
G08,19,137951.75457700083,0.0
G08,20,130570.22412349258,0.0
G08,21,121517.67287357333,0.0
G08,22,117168.6349348419,0.0
G08,23,114484.30652121898,0.0
G08,24,103411.34846032491,0.0
G08,25,117115.79111518223,0.0
G08,26,129996.65603280021,4309.801033576535
G08,27,130262.23487948482,4318.605813813718
G08,28,137567.43563552215,4560.796364937663
G08,29,137817.88474674275,4569.099546506614
G08,30,136624.6629490227,4529.540463265254
G08,31,119686.04645506518,3967.9716575677057
G09,0,23522.950870500514,0.0
G09,1,25143.144982676786,0.0
G09,2,25104.347899999913,0.0
G09,3,25454.949474734283,0.0
G09,4,23773.818592692158,0.0
G09,5,24631.523301473364,0.0
G09,6,23850.80645564645,0.0
G09,7,23909.51949612299,0.0
G09,8,23774.38262031561,0.0
G09,9,23032.989727493834,0.0
G09,10,23060.169644927846,0.0
G09,11,22889.918680826944,0.0
G09,12,23698.494720100975,0.0
G09,13,24064.02438079866,0.0
G09,14,23388.220260026614,0.0
G09,15,23001.744193319926,0.0
G09,16,24849.192375048635,0.0
G09,17,23724.360856785792,0.0
G09,18,23739.209354325507,0.0
G09,19,22719.216259251447,0.0
G09,20,20958.822146634986,0.0
G09,21,19623.589806798384,0.0
G09,22,19470.875547186086,0.0
G09,23,19460.482706879076,0.0
G09,24,19844.16862206039,0.0
G09,25,18787.435598639113,0.0
G09,26,19009.445182371128,0.0
G09,27,19715.957570382765,0.0
G09,28,21565.786002227163,0.0
G09,29,19208.531050270183,0.0
G09,30,20180.839090704456,0.0
G09,31,19619.073281544617,0.0
G10,0,110743.45384437255,0.0
G10,1,112948.57811698326,0.0
G10,2,112039.97938805258,0.0
G10,3,115170.59559171433,0.0
G10,4,115066.57900841428,0.0
G10,5,118142.46543409546,0.0
G10,6,114187.19413601172,0.0
G10,7,108340.12737731003,0.0
G10,8,112650.46771404598,0.0
G10,9,111827.03126128086,0.0
G10,10,112406.70209324066,0.0
G10,11,110402.19274199998,0.0
G10,12,107214.48233127396,0.0
G10,13,105073.65330218761,0.0
G10,14,105002.9312164051,0.0
G10,15,110038.64106396696,0.0
G10,16,108082.42448530359,0.0
G10,17,98849.72597512855,0.0
G10,18,98209.25331250447,0.0
G10,19,90183.48053918229,0.0
G10,20,90165.45220180915,0.0
G10,21,83430.3431197027,0.0
G10,22,78999.4759600036,0.0
G10,23,81253.3077715683,0.0
G10,24,82084.74637209374,0.0
G10,25,78014.96418070506,0.0
G10,26,85145.19869061912,0.0
G10,27,94568.89717843807,0.0
G10,28,86882.15269302897,0.0
G10,29,94438.46685603756,0.0
G10,30,88456.92057574262,0.0
G10,31,84922.13808500851,0.0
G11,0,35835.34605141377,0.0
G11,1,34404.07270832068,0.0
G11,2,35832.22960035653,0.0
G11,3,37465.87328576334,0.0
G11,4,39413.494004375774,0.0
G11,5,40338.60345214103,0.0
G11,6,37483.3547454326,0.0
G11,7,35109.36106791863,0.0
G11,8,35173.592055861605,0.0
G11,9,33807.7061739612,0.0
G11,10,33173.71558387294,0.0
G11,11,34892.57716466764,0.0
G11,12,36871.495973652316,0.0
G11,13,36221.09822518181,0.0
G11,14,35421.94782378759,0.0
G11,15,36040.4560276607,0.0
G11,16,32635.478401327182,0.0
G11,17,33013.32657288544,0.0
G11,18,31105.01867662251,0.0
G11,19,33807.47756875151,0.0
G11,20,32169.760410508752,0.0
G11,21,30062.84409952107,0.0
G11,22,28303.982129312342,0.0
G11,23,24820.35856511426,0.0
G11,24,26787.341669000394,0.0
G11,25,29100.27184378694,0.0
G11,26,28025.695951745092,0.0
G11,27,29373.770157431303,0.0
G11,28,30247.291956983005,0.0
G11,29,27961.684077937916,0.0
G11,30,29425.527630646964,0.0
G11,31,30172.674832495224,0.0
G12,0,41475.02002582609,0.0
G12,1,39102.85096379815,0.0
G12,2,41591.36969089741,0.0
G12,3,41406.59155957504,0.0
G12,4,43409.83830788278,0.0
G12,5,41388.43545270033,0.0
G12,6,43738.53078623203,0.0
G12,7,41307.8521779329,0.0
G12,8,41544.90691457037,0.0
G12,9,39886.095431322785,0.0
G12,10,39523.35839798821,0.0
G12,11,42005.5171427276,0.0
G12,12,41999.420017358956,0.0
G12,13,41321.81359824289,0.0
G12,14,39753.33793872587,0.0
G12,15,43031.97542940962,0.0
G12,16,43711.305442076744,0.0
G12,17,41774.98243790658,0.0
G12,18,41071.40614059281,0.0
G12,19,37940.07564656499,0.0
G12,20,35765.13199389518,0.0
G12,21,34460.019306884264,0.0
G12,22,35208.36520969989,0.0
G12,23,35431.83693386294,0.0
G12,24,34278.394472911954,0.0
G12,25,36173.575229821276,0.0
G12,26,39594.223812401935,1317.48327844763
G12,27,39823.41871286753,1325.109654716542
G12,28,41496.99765807485,1380.7973804292512
G12,29,40210.383999047524,1337.985782716863
G12,30,39572.77646811153,1316.7696259309498
G12,31,39739.887586441175,1322.3301871149533
G13,0,39122.982035709785,0.0
G13,1,42185.938858526766,0.0
G13,2,43770.879972293296,0.0
G13,3,40614.727174424435,0.0
G13,4,40069.61027900126,0.0
G13,5,39854.29596920503,0.0
G13,6,38364.67801524447,0.0
G13,7,40310.21235532782,0.0
G13,8,39253.86277388373,0.0
G13,9,38140.80575941597,0.0
G13,10,38353.00370454801,0.0
G13,11,36523.050167893314,0.0
G13,12,36010.398646817375,0.0
G13,13,36128.34156238539,0.0
G13,14,38548.040262253875,0.0
G13,15,39525.14649633012,0.0
G13,16,40076.9153538438,0.0
G13,17,40502.679834043185,0.0
G13,18,36212.36942382015,0.0
G13,19,34435.16313479904,0.0
G13,20,33707.14483675544,0.0
G13,21,30697.83860782006,0.0
G13,22,29927.41122281201,0.0
G13,23,31387.125296128175,0.0
G13,24,32426.029622154736,0.0
G13,25,33349.10455373365,0.0
G13,26,33003.25554723214,0.0
G13,27,32878.90711053121,0.0
G13,28,34708.986488513256,0.0
G13,29,33641.361678334906,0.0
G13,30,33738.646181146556,0.0
G13,31,34572.188717292105,0.0
G14,0,121316.97833303243,0.0
G14,1,124718.88775252257,0.0
G14,2,121556.15636653216,0.0
G14,3,117705.07197797764,0.0
G14,4,115658.65387873986,0.0
G14,5,114800.85652972176,0.0
G14,6,116409.12503362144,0.0
G14,7,111512.32610115455,0.0
G14,8,113706.83634161351,0.0
G14,9,120563.84027925626,0.0
G14,10,115281.09690082134,0.0
G14,11,119329.38597637159,0.0
G14,12,117493.09627044456,0.0
G14,13,110755.14327418554,0.0
G14,14,111538.29647288796,0.0
G14,15,108364.32628919359,0.0
G14,16,113855.10415082681,0.0
G14,17,106442.97673168662,0.0
G14,18,111698.17469582967,0.0
G14,19,108744.71594435537,0.0
G14,20,94649.4058897594,0.0
G14,21,97389.65761579968,0.0
G14,22,100474.8077540238,0.0
G14,23,92829.71931916536,0.0
G14,24,95902.59412060142,0.0
G14,25,87802.38947383058,0.0
G14,26,92099.4084089173,0.0
G14,27,87624.19469696506,0.0
G14,28,93693.03474681116,0.0
G14,29,87756.77543401608,0.0
G14,30,80846.06907486428,0.0
G14,31,87719.71538077714,0.0
G15,0,237276.0440041078,0.0
G15,1,247182.03105345953,0.0
G15,2,236276.89319298847,0.0
G15,3,260996.72175687362,0.0
G15,4,274853.4831708474,0.0
G15,5,249490.97620081552,0.0
G15,6,259226.28204271913,0.0
G15,7,243803.82446619566,0.0
G15,8,231133.1351417724,0.0
G15,9,237980.11828999457,0.0
G15,10,229518.00207796373,0.0
G15,11,227004.02848207642,0.0
G15,12,237841.6536259719,0.0
G15,13,242918.57877700654,0.0
G15,14,242818.8437842755,0.0
G15,15,221612.84731728706,0.0
G15,16,207558.32470896482,0.0
G15,17,221077.45902016928,0.0
G15,18,205320.32424406064,0.0
G15,19,201636.08821017508,0.0
G15,20,185385.09927916047,0.0
G15,21,180665.39539761166,0.0
G15,22,168098.43654653596,0.0
G15,23,181920.9551630739,0.0
G15,24,170859.28472646058,0.0
G15,25,173373.23481238092,0.0
G15,26,176175.168094275,0.0
G15,27,189323.3484126647,0.0
G15,28,177361.38980346554,0.0
G15,29,180900.5323673962,0.0
G15,30,179529.6303571816,0.0
G15,31,181434.0587391632,0.0
G16,0,59606.12387561418,0.0
G16,1,66913.03928127955,0.0
G16,2,64316.76636978543,0.0
G16,3,65024.324019015236,0.0
G16,4,67920.0141977415,0.0
G16,5,59702.438651888275,0.0
G16,6,55682.077938359194,0.0
G16,7,54262.5291059205,0.0
G16,8,55434.56169915659,0.0
G16,9,61456.61677005423,0.0
G16,10,59673.02839283702,0.0
G16,11,60922.46016740696,0.0
G16,12,58762.86124164663,0.0
G16,13,52938.93320417904,0.0
G16,14,50560.30893714289,0.0
G16,15,57136.32695196529,0.0
G16,16,58046.78766070521,0.0
G16,17,54262.663141976525,0.0
G16,18,56778.315058004315,0.0
G16,19,50937.96484043642,0.0
G16,20,52586.28988054257,0.0
G16,21,52965.601866012796,0.0
G16,22,48241.1127527768,0.0
G16,23,45199.12374422426,0.0
G16,24,47632.2088122179,0.0
G16,25,45696.17070838024,0.0
G16,26,49049.03411755511,0.0
G16,27,47218.22104546062,0.0
G16,28,50475.879771029766,0.0
G16,29,50592.934696138225,0.0
G16,30,49166.139750523005,0.0
G16,31,46899.69662619405,0.0
G17,0,241968.13318881948,0.0
G17,1,261236.7135183239,0.0
G17,2,275506.6267099138,0.0
G17,3,264051.4361491432,0.0
G17,4,249762.64637679895,0.0
G17,5,249443.35063289478,0.0
G17,6,239316.53656170852,0.0
G17,7,235179.8296660024,0.0
G17,8,248573.07267946796,0.0
G17,9,242663.73039903637,0.0
G17,10,237262.19999445527,0.0
G17,11,237254.3600573962,0.0
G17,12,234912.35656519348,0.0
G17,13,243562.57067979214,0.0
G17,14,249160.8151960699,0.0
G17,15,239923.36669411408,0.0
G17,16,238284.66170002488,0.0
G17,17,256184.18791182953,0.0
G17,18,242620.237540838,0.0
G17,19,226378.2491132903,0.0
G17,20,233731.88236197497,0.0
G17,21,216793.01370424475,0.0
G17,22,197815.70614620275,0.0
G17,23,202298.43791275952,0.0
G17,24,192803.8022304529,0.0
G17,25,192815.90706283832,0.0
G17,26,216792.90004001086,7043.698637101513
G17,27,219032.01443003904,7116.448468735506
G17,28,215196.68335330792,6991.836840434865
G17,29,214727.29934859063,6976.586343422766
G17,30,212619.34977913945,6908.09811568707
G17,31,224741.91588593222,7301.965730119233
G18,0,80692.46788877784,0.0
G18,1,85081.6522746011,0.0
G18,2,88872.13838907957,0.0
G18,3,87681.54805306789,0.0
G18,4,90271.91677259207,0.0
G18,5,91007.17986078639,0.0
G18,6,81901.70898191164,0.0
G18,7,84130.4611175672,0.0
G18,8,80135.00261630713,0.0
G18,9,75294.83688247108,0.0
G18,10,73516.28675608167,0.0
G18,11,79416.03094981641,0.0
G18,12,80216.78963577592,0.0
G18,13,72778.97698286486,0.0
G18,14,74930.67115105985,0.0
G18,15,75167.9185178158,0.0
G18,16,74500.20367846284,0.0
G18,17,71999.32280792067,0.0
G18,18,66563.41182009903,0.0
G18,19,68771.87410735132,0.0
G18,20,63334.63006654447,0.0
G18,21,60949.75695554268,0.0
G18,22,58439.36145649956,0.0
G18,23,56682.93675571345,0.0
G18,24,59541.586257140196,0.0
G18,25,60687.25293525847,0.0
G18,26,62698.560582147664,2078.4212998717253
G18,27,61815.78559045576,2049.15781553188
G18,28,62793.78708017331,2081.578003629691
G18,29,66827.81055485486,2215.3035666428236
G18,30,65955.54996812492,2186.3886287931286
G18,31,64803.309970455586,2148.1925341542037
G19,0,62690.688499471216,0.0
G19,1,64778.78666930685,0.0
G19,2,64762.5834823564,0.0
G19,3,62236.20730359004,0.0
G19,4,65366.300089866345,0.0
G19,5,68979.4839678229,0.0
G19,6,64352.756234488006,0.0
G19,7,67088.10583364137,0.0
G19,8,61423.55682646455,0.0
G19,9,59320.82182882682,0.0
G19,10,61365.86439009448,0.0
G19,11,61502.36834318083,0.0
G19,12,63846.17369019686,0.0
G19,13,62011.87489482837,0.0
G19,14,60694.49400826123,0.0
G19,15,57904.704170251316,0.0
G19,16,57854.19595229562,0.0
G19,17,57422.42200374158,0.0
G19,18,55314.443783958304,0.0
G19,19,57287.939117424045,0.0
G19,20,54761.99204385667,0.0
G19,21,49700.084747029236,0.0
G19,22,56441.28171034632,0.0
G19,23,52539.33322796785,0.0
G19,24,50078.16430991687,0.0
G19,25,54788.333546534974,0.0
G19,26,57786.987698873156,0.0
G19,27,54804.394345947745,0.0
G19,28,52831.28787571492,0.0
G19,29,52854.5039550756,0.0
G19,30,57328.91903176438,0.0
G19,31,55611.64284190219,0.0
G20,0,327747.2395635844,0.0
G20,1,337508.67772125854,0.0
G20,2,356898.6072044254,0.0
G20,3,328661.19577988493,0.0
G20,4,346523.93311003706,0.0
G20,5,329099.83642024675,0.0
G20,6,316266.8643118443,0.0
G20,7,314023.7346721933,0.0
G20,8,314065.7254053253,0.0
G20,9,324237.19876745314,0.0
G20,10,331094.583166338,0.0
G20,11,331108.57987633965,0.0
G20,12,318730.01477389684,0.0
G20,13,337171.0945293036,0.0
G20,14,338205.1446353781,0.0
G20,15,356729.0484911818,0.0
G20,16,335300.36197428126,0.0
G20,17,295517.3235633449,0.0
G20,18,300451.1827493881,0.0
G20,19,328819.2096259648,0.0
G20,20,314024.16696553875,0.0
G20,21,293470.54718203674,0.0
G20,22,292626.2463433878,0.0
G20,23,287552.9386794855,0.0
G20,24,286818.42479189957,0.0
G20,25,279494.57694804476,0.0
G20,26,286706.02306967415,0.0
G20,27,295475.26866861654,0.0
G20,28,291878.83859094465,0.0
G20,29,284071.68278021837,0.0
G20,30,293015.01471725537,0.0
G20,31,303370.51430709806,0.0
G21,0,285438.68407150364,0.0
G21,1,306008.1868678888,0.0
G21,2,326728.5721307195,0.0
G21,3,320895.8592610849,0.0
G21,4,316650.62441627315,0.0
G21,5,307766.13309049205,0.0
G21,6,283823.9930353551,0.0
G21,7,294925.2814473209,0.0
G21,8,281305.4218767758,0.0
G21,9,256679.3522540607,0.0
G21,10,261662.8071980216,0.0
G21,11,248116.01376205374,0.0
G21,12,251171.68818187944,0.0
G21,13,266086.6439436985,0.0
G21,14,264436.8994807941,0.0
G21,15,285869.1958952759,0.0
G21,16,266006.62165516464,0.0
G21,17,271710.9612466084,0.0
G21,18,272346.337116101,0.0
G21,19,275847.2555626519,0.0
G21,20,265907.7410214103,0.0
G21,21,249726.0191483488,0.0
G21,22,237824.9773533486,0.0
G21,23,230208.78963071483,0.0
G21,24,238607.71676611903,0.0
G21,25,228988.4766851604,0.0
G21,26,251251.37090591108,8324.27899783746
G21,27,252373.62491390607,8361.460707275734
G21,28,257468.60068290532,8530.263765485728
G21,29,254389.45603218215,8428.247768299718
G21,30,275041.5582706678,9112.478307242316
G21,31,253635.32840373288,8403.262556252696
G22,0,35291.41421932888,0.0
G22,1,36466.03331410839,0.0
G22,2,35209.70996473527,0.0
G22,3,34909.69962109609,0.0
G22,4,35924.651324222636,0.0
G22,5,38244.95236927483,0.0
G22,6,37752.04233703861,0.0
G22,7,36674.18738960148,0.0
G22,8,37344.86893451156,0.0
G22,9,34244.69010816678,0.0
G22,10,31149.769620448074,0.0
G22,11,31997.823220467373,0.0
G22,12,32822.6234985683,0.0
G22,13,35533.13910566777,0.0
G22,14,38304.217005156235,0.0
G22,15,34840.01110036715,0.0
G22,16,38199.68231104771,0.0
G22,17,38173.154516858696,0.0
G22,18,36599.10725216708,0.0
G22,19,34588.390220790694,0.0
G22,20,35638.213848762185,0.0
G22,21,32741.29319094593,0.0
G22,22,30414.05875621946,0.0
G22,23,29953.586416057522,0.0
G22,24,28074.326837947498,0.0
G22,25,29549.09065175439,0.0
G22,26,31896.20782447992,1045.752051674533
G22,27,32888.67349550899,1078.2911239494085
G22,28,33549.29110501635,1099.9501946551252
G22,29,31956.868129401217,1047.7408661027475
G22,30,34073.23201785411,1117.1281704060793
G22,31,31741.82377569784,1040.69040181797
G23,0,23956.754509616963,0.0
G23,1,25208.71821757722,0.0
G23,2,23913.349154329248,0.0
G23,3,22568.513470587826,0.0
G23,4,22998.993765814896,0.0
G23,5,23592.20636821315,0.0
G23,6,23112.695500263628,0.0
G23,7,22360.41960235303,0.0
G23,8,23249.327596475174,0.0
G23,9,23591.58192209605,0.0
G23,10,23509.505103182626,0.0
G23,11,22049.999050996335,0.0
G23,12,22370.565095167418,0.0
G23,13,22433.449461639037,0.0
G23,14,21416.987588712327,0.0
G23,15,22974.409304518278,0.0
G23,16,22837.38274503781,0.0
G23,17,21923.363183514604,0.0
G23,18,22692.612214324097,0.0
G23,19,21981.667748668115,0.0
G23,20,21217.928005803642,0.0
G23,21,20715.761501655114,0.0
G23,22,19861.714190475166,0.0
G23,23,17931.585310048227,0.0
G23,24,17698.098934140842,0.0
G23,25,18761.5252685077,0.0
G23,26,19954.82661591555,636.8155919123599
G23,27,20462.386670393258,653.0132849690109
G23,28,21086.51710100276,672.9310721414689
G23,29,22204.68611813632,708.6150436542075
G23,30,22433.566164532233,715.9192605751549
G23,31,21904.60572479972,699.0386200158521
G24,0,56111.59648049322,0.0
G24,1,59178.046992301475,0.0
G24,2,56250.59483024619,0.0
G24,3,58430.507302813756,0.0
G24,4,57056.36265719958,0.0
G24,5,55783.89645006542,0.0
G24,6,52290.050122401866,0.0
G24,7,59266.80159981662,0.0
G24,8,56865.16787742333,0.0
G24,9,56267.32657338567,0.0
G24,10,57916.35528100718,0.0
G24,11,56346.6232081715,0.0
G24,12,57446.78510826658,0.0
G24,13,54270.23891705955,0.0
G24,14,56495.51493958865,0.0
G24,15,56253.618964626614,0.0
G24,16,57911.954994502004,0.0
G24,17,57321.50686466472,0.0
G24,18,52606.15712159012,0.0
G24,19,48337.19685240099,0.0
G24,20,47124.45903631596,0.0
G24,21,49307.957148478126,0.0
G24,22,49257.655912468195,0.0
G24,23,49122.66041131023,0.0
G24,24,44704.2057823479,0.0
G24,25,41670.12438400539,0.0
G24,26,45768.07936374178,1564.8884246579835
G24,27,48443.86257939093,1656.3780007834068
G24,28,49512.640051894414,1692.9213191508566
G24,29,52037.56915006846,1779.252936595676
G24,30,51853.23133571919,1772.9501134072846
G24,31,49084.69725632373,1678.2892276033383
G25,0,94223.16912545143,0.0
G25,1,98572.70744959752,0.0
G25,2,101559.0296836343,0.0
G25,3,100161.46955574986,0.0
G25,4,100992.14418850423,0.0
G25,5,98932.08388943324,0.0
G25,6,89121.71493438828,0.0
G25,7,77936.2253484049,0.0
G25,8,92033.59374233952,0.0
G25,9,92802.2726181707,0.0
G25,10,89868.02922811778,0.0
G25,11,82779.73335564343,0.0
G25,12,81372.49615596932,0.0
G25,13,90562.03261806289,0.0
G25,14,80601.3278401643,0.0
G25,15,84327.12879401528,0.0
G25,16,89802.81048952045,0.0
G25,17,88679.34649661389,0.0
G25,18,88573.15425946184,0.0
G25,19,83675.56138843273,0.0
G25,20,87635.52462992551,0.0
G25,21,77395.96896068145,0.0
G25,22,70711.51584714428,0.0
G25,23,72050.9125059476,0.0
G25,24,76337.13259825938,0.0
G25,25,74801.1320904353,0.0
G25,26,78036.83165314933,0.0
G25,27,75551.37306217733,0.0
G25,28,72513.3805209757,0.0
G25,29,78626.16353270838,0.0
G25,30,81490.85718537871,0.0
G25,31,81721.44568746691,0.0
G26,0,37181.18043488185,0.0
G26,1,38376.44824780327,0.0
G26,2,39096.900320900466,0.0
G26,3,39211.102308448695,0.0
G26,4,40306.18963264467,0.0
G26,5,39690.21026267689,0.0
G26,6,39001.81965503765,0.0
G26,7,36753.887741574465,0.0
G26,8,36851.73783419619,0.0
G26,9,35911.83561642638,0.0
G26,10,32589.4412914832,0.0
G26,11,34800.64765715453,0.0
G26,12,35109.86884805003,0.0
G26,13,37268.33724169056,0.0
G26,14,36948.23481019292,0.0
G26,15,36863.293968022335,0.0
G26,16,37016.93913978532,0.0
G26,17,36276.49593530519,0.0
G26,18,34635.75184699717,0.0
G26,19,31285.01112466976,0.0
G26,20,33810.74806765039,0.0
G26,21,30061.924082820333,0.0
G26,22,29488.3392773384,0.0
G26,23,30335.887880177517,0.0
G26,24,30587.003932550426,0.0
G26,25,31264.929798857116,0.0
G26,26,33838.63356689529,1128.1906769952848
G26,27,35336.129759086245,1178.1176706348447
G26,28,34975.554084694624,1166.095964338823
G26,29,38223.76660134821,1274.3923904029382
G26,30,34317.38529337528,1144.1524100050517
G26,31,33602.831589626236,1120.3289649717751
G27,0,139345.02362881912,0.0
G27,1,150352.05727165504,0.0
G27,2,152807.00850512512,0.0
G27,3,150862.33290033895,0.0
G27,4,152152.13916842313,0.0
G27,5,148506.2631301962,0.0
G27,6,137348.3523453011,0.0
G27,7,137445.88257224738,0.0
G27,8,134525.35768925582,0.0
G27,9,131727.72918084485,0.0
G27,10,129251.85076277675,0.0
G27,11,140100.6425134969,0.0
G27,12,141667.77267252308,0.0
G27,13,145209.82739288744,0.0
G27,14,139389.17046597195,0.0
G27,15,134047.7855956729,0.0
G27,16,134336.3046022854,0.0
G27,17,135117.47178408824,0.0
G27,18,129232.5559483686,0.0
G27,19,123730.70933611678,0.0
G27,20,123263.22422642887,0.0
G27,21,117112.96111511785,0.0
G27,22,106914.4869374441,0.0
G27,23,104131.06872151603,0.0
G27,24,102566.8996612717,0.0
G27,25,106903.87018151612,0.0
G27,26,104904.63289428738,0.0
G27,27,109686.31182445966,0.0
G27,28,116866.49113331144,0.0
G27,29,117191.83142938127,0.0
G27,30,111796.60852175715,0.0
G27,31,108694.48401206713,0.0
G28,0,105535.72407474484,0.0
G28,1,104187.48938346251,0.0
G28,2,107450.59878324307,0.0
G28,3,111822.71545589165,0.0
G28,4,116902.04480984947,0.0
G28,5,113817.60406308481,0.0
G28,6,96831.67287114984,0.0
G28,7,99600.83784430918,0.0
G28,8,102231.06654562108,0.0
G28,9,106664.07154874277,0.0
G28,10,106407.71061317118,0.0
G28,11,114037.04553904438,0.0
G28,12,114466.64415043702,0.0
G28,13,115309.67130957334,0.0
G28,14,114629.74648763667,0.0
G28,15,104447.02723090538,0.0
G28,16,107968.40362201825,0.0
G28,17,107199.36118387121,0.0
G28,18,100260.16354018895,0.0
G28,19,99074.56222419428,0.0
G28,20,95685.11917505914,0.0
G28,21,89174.81528489663,0.0
G28,22,86298.29620310769,0.0
G28,23,84229.35132103007,0.0
G28,24,85390.90862028395,0.0
G28,25,84689.18424448253,0.0
G28,26,93564.23894656822,3107.9961470115577
G28,27,87492.20055172949,2906.296521725852
G28,28,91014.94619947423,3023.3143056929175
G28,29,87266.13126954857,2898.7870024278095
G28,30,89269.07591004611,2965.3203734617873
G28,31,92851.6921361801,3084.3269250290405
G29,0,35546.87667404582,0.0
G29,1,35284.67029226403,0.0
G29,2,36953.44896538318,0.0
G29,3,38601.42941682447,0.0
G29,4,36294.1269246679,0.0
G29,5,36398.74749043798,0.0
G29,6,35483.95524768212,0.0
G29,7,32296.87428978957,0.0
G29,8,32810.31895482058,0.0
G29,9,31982.671399779865,0.0
G29,10,34409.36198182325,0.0
G29,11,32777.107435419566,0.0
G29,12,35671.04548312097,0.0
G29,13,34352.600349132714,0.0
G29,14,37226.25471409053,0.0
G29,15,36702.62116482181,0.0
G29,16,36040.180855708655,0.0
G29,17,35678.41431493868,0.0
G29,18,34932.322466898266,0.0
G29,19,34421.346757545565,0.0
G29,20,33802.22913043576,0.0
G29,21,30443.98178058406,0.0
G29,22,27487.66595741547,0.0
G29,23,24409.329106405818,0.0
G29,24,25549.799870703187,0.0
G29,25,27661.970878352244,0.0
G29,26,29030.509322042097,1002.0412237253354
G29,27,29492.26308864494,1017.9795010808479
G29,28,29293.012974805315,1011.1020183028355
G29,29,28772.144235767373,993.123279353548
G29,30,28678.84992663632,989.9030553247086
G29,31,29024.741903998016,1001.8421507235319
G30,0,46730.64985289898,0.0
G30,1,45800.99714983593,0.0
G30,2,52478.97453644478,0.0
G30,3,50213.17332344415,0.0
G30,4,48262.91303892762,0.0
G30,5,46947.13561909573,0.0
G30,6,44638.63851616171,0.0
G30,7,40313.11244432461,0.0
G30,8,41721.40108392282,0.0
G30,9,43071.53662923673,0.0
G30,10,40470.476312681625,0.0
G30,11,41942.761210497774,0.0
G30,12,40808.84651561722,0.0
G30,13,42552.94246140861,0.0
G30,14,44275.15664980054,0.0
G30,15,45284.87815158748,0.0
G30,16,45332.943941300415,0.0
G30,17,42733.01780131541,0.0
G30,18,43341.43637886662,0.0
G30,19,40501.765665409286,0.0
G30,20,39537.83012305811,0.0
G30,21,38889.488533396274,0.0
G30,22,36644.66701859707,0.0
G30,23,34029.09086850497,0.0
G30,24,35582.38715871487,0.0
G30,25,34190.416440317655,0.0
G30,26,34151.3678783764,0.0
G30,27,34082.67749517557,0.0
G30,28,37036.14841890424,0.0
G30,29,36913.95728001351,0.0
G30,30,33438.27023344662,0.0
G30,31,35625.13297268713,0.0
G31,0,90131.29258888878,0.0
G31,1,94944.6243231855,0.0
G31,2,90709.94481325576,0.0
G31,3,92149.9482266626,0.0
G31,4,94617.00130397074,0.0
G31,5,93585.20732322265,0.0
G31,6,93504.10222796319,0.0
G31,7,92873.1649966933,0.0
G31,8,90392.7919723862,0.0
G31,9,86198.99301283035,0.0
G31,10,79858.05428702704,0.0
G31,11,83603.30306131726,0.0
G31,12,88721.02567162106,0.0
G31,13,93904.34100201147,0.0
G31,14,90022.8936450889,0.0
G31,15,87875.81495576003,0.0
G31,16,91069.81113225433,0.0
G31,17,91140.57393154135,0.0
G31,18,85629.26157924235,0.0
G31,19,82050.90713531245,0.0
G31,20,73950.92131087783,0.0
G31,21,72470.21602208156,0.0
G31,22,66906.90082830896,0.0
G31,23,65807.14696205675,0.0
G31,24,65634.00056059488,0.0
G31,25,65311.06036509741,0.0
G31,26,68813.03288565102,2150.764474913048
G31,27,71205.9128884722,2225.5543960512396
G31,28,76334.01958540741,2385.8343494963933
G31,29,77428.65890952875,2420.0475104694783
G31,30,76137.61506033926,2379.6956885841396
G31,31,76853.25724891236,2402.0632217589928
G32,0,35039.257945927595,0.0
G32,1,38958.467973781015,0.0
G32,2,37943.11017649942,0.0
G32,3,37246.39752384659,0.0
G32,4,36445.21956173208,0.0
G32,5,39017.71706398201,0.0
G32,6,35746.004083601074,0.0
G32,7,34822.37383535733,0.0
G32,8,33183.996780135276,0.0
G32,9,33069.38808448122,0.0
G32,10,33105.8580161679,0.0
G32,11,34772.14177490061,0.0
G32,12,32437.671860498693,0.0
G32,13,33363.17075339891,0.0
G32,14,36213.25759700871,0.0
G32,15,34694.34507508283,0.0
G32,16,34172.420524679226,0.0
G32,17,32549.106524652856,0.0
G32,18,28943.326405807107,0.0
G32,19,29911.374158335802,0.0
G32,20,31391.247248487052,0.0
G32,21,29623.48535796617,0.0
G32,22,26889.63790273711,0.0
G32,23,27948.59401631607,0.0
G32,24,28373.70438330502,0.0
G32,25,29901.52898983804,0.0
G32,26,30870.664815562544,0.0
G32,27,30204.77956727488,0.0
G32,28,30776.142912197523,0.0
G32,29,28351.518741670006,0.0
G32,30,30441.26734072701,0.0
G32,31,30031.704156937813,0.0
G33,0,79189.52686617961,0.0
G33,1,83341.77228078521,0.0
G33,2,83984.3942192738,0.0
G33,3,85543.71220879069,0.0
G33,4,81840.75070382409,0.0
G33,5,75973.90261151326,0.0
G33,6,80499.69382578769,0.0
G33,7,81198.05333819723,0.0
G33,8,78496.95249325447,0.0
G33,9,75800.29421303434,0.0
G33,10,74882.95118242138,0.0
G33,11,75148.09729129517,0.0
G33,12,74624.33235137432,0.0
G33,13,70177.9676162697,0.0
G33,14,76942.2151485579,0.0
G33,15,73166.27310781086,0.0
G33,16,74487.28355177914,0.0
G33,17,74380.87684660427,0.0
G33,18,74887.2651379127,0.0
G33,19,68277.40210655944,0.0
G33,20,71973.24365249409,0.0
G33,21,71136.59127348744,0.0
G33,22,70411.16719458676,0.0
G33,23,71240.78960350816,0.0
G33,24,66492.23988815075,0.0
G33,25,58444.74710018064,0.0
G33,26,67140.81546855942,2249.970961076702
G33,27,73608.06687829157,2466.6964769693964
G33,28,76759.80305571956,2572.3150165522015
G33,29,73304.29127292246,2456.516584366155
G33,30,72383.87542801615,2425.6723220690455
G33,31,72265.33001572365,2421.699720107547
G34,0,91018.53575166572,0.0
G34,1,90331.16411924492,0.0
G34,2,96715.82086567597,0.0
G34,3,104135.80141459317,0.0
G34,4,98246.7651214149,0.0
G34,5,91199.60719409626,0.0
G34,6,94478.02191687532,0.0
G34,7,90635.3874036018,0.0
G34,8,82825.56620032885,0.0
G34,9,78749.9760953895,0.0
G34,10,78854.6108284188,0.0
G34,11,83691.22211582237,0.0
G34,12,82639.38324247315,0.0
G34,13,85928.79291460266,0.0
G34,14,91339.80645798403,0.0
G34,15,92526.34777236832,0.0
G34,16,92664.87604932366,0.0
G34,17,90267.81187565762,0.0
G34,18,77795.60364273777,0.0
G34,19,78191.25531751166,0.0
G34,20,73381.01674161796,0.0
G34,21,68029.76633526098,0.0
G34,22,61913.08677505113,0.0
G34,23,57425.16411824265,0.0
G34,24,56745.58594351953,0.0
G34,25,59850.03539906815,0.0
G34,26,59362.193754734,0.0
G34,27,60685.49596197844,0.0
G34,28,62129.720863284725,0.0
G34,29,65967.02003583423,0.0
G34,30,64501.14951623945,0.0
G34,31,62932.39658257402,0.0
G35,0,96295.38244411956,0.0
G35,1,97332.25216524562,0.0
G35,2,97733.84887933836,0.0
G35,3,104004.37803549276,0.0
G35,4,106089.3811190848,0.0
G35,5,97648.10170108407,0.0
G35,6,99522.22545544329,0.0
G35,7,94915.46036540753,0.0
G35,8,95254.88492982378,0.0
G35,9,91344.03619486437,0.0
G35,10,85700.46561823954,0.0
G35,11,92308.49630429412,0.0
G35,12,94096.43575245899,0.0
G35,13,89328.56014240846,0.0
G35,14,84715.66534986562,0.0
G35,15,87386.59992120575,0.0
G35,16,85728.7319166545,0.0
G35,17,86898.94887742828,0.0
G35,18,89574.25248935526,0.0
G35,19,92109.70353835763,0.0
G35,20,85429.36616865266,0.0
G35,21,86637.40477704389,0.0
G35,22,85685.80457948316,0.0
G35,23,79989.31421312556,0.0
G35,24,73653.60504651167,0.0
G35,25,78990.73689332961,0.0
G35,26,86897.18338575141,2858.287625485553
G35,27,94970.05459729675,3123.826587590533
G35,28,96196.82215789233,3164.1783504575956
G35,29,94360.62780901378,3103.780862519607
G35,30,95888.25984840607,3154.028886498785
G35,31,86262.22805969878,2837.402196516747
G36,0,50889.909603772656,0.0
G36,1,52835.16777734238,0.0
G36,2,55073.979479222326,0.0
G36,3,55342.78996182984,0.0
G36,4,52736.42382675437,0.0
G36,5,56001.991270955026,0.0
G36,6,54799.21473651208,0.0
G36,7,52684.19827442255,0.0
G36,8,52605.64042616031,0.0
G36,9,49801.68843488468,0.0
G36,10,53229.16707801189,0.0
G36,11,51903.46453950594,0.0
G36,12,51920.98353092595,0.0
G36,13,52296.7596701181,0.0
G36,14,50171.98354429696,0.0
G36,15,48557.76185558925,0.0
G36,16,50317.00940180786,0.0
G36,17,50861.84051265209,0.0
G36,18,52240.74197780059,0.0
G36,19,50164.73994621513,0.0
G36,20,45375.06128549398,0.0
G36,21,45309.79129692698,0.0
G36,22,45371.79003499894,0.0
G36,23,45625.50968045204,0.0
G36,24,44854.15957867732,0.0
G36,25,42231.708253737386,0.0
G36,26,48130.574249201316,1595.0567107116863
G36,27,46817.00716306487,1551.5248387488932
G36,28,48863.38089024337,1619.342067133911
G36,29,45704.61948711973,1514.660092065371
G36,30,48308.55562679202,1600.9550486213461
G36,31,46115.89172671382,1528.289735092222
G37,0,132533.89997479573,0.0
G37,1,138211.14961733168,0.0
G37,2,143719.84779477323,0.0
G37,3,147083.3846588223,0.0
G37,4,153832.89045122112,0.0
G37,5,145769.3059800472,0.0
G37,6,141273.42461342394,0.0
G37,7,126091.89674566718,0.0
G37,8,120174.41873365566,0.0
G37,9,119781.4803034319,0.0
G37,10,117018.29796489728,0.0
G37,11,123392.01948474237,0.0
G37,12,131813.46660064658,0.0
G37,13,129489.36047002603,0.0
G37,14,128673.98344942997,0.0
G37,15,128064.60401761353,0.0
G37,16,130250.17255833812,0.0
G37,17,126067.5889143625,0.0
G37,18,126587.03039641347,0.0
G37,19,123436.36183408687,0.0
G37,20,119468.37028403682,0.0
G37,21,117341.40559380136,0.0
G37,22,111816.37957952965,0.0
G37,23,109379.96212089265,0.0
G37,24,115738.38540706871,0.0
G37,25,112397.07211830093,0.0
G37,26,121923.06915645307,4052.656128332195
G37,27,121458.26581701935,4037.206319571162
G37,28,119325.67152335482,3966.3200517527607
G37,29,118028.66496198892,3923.2082630996915
G37,30,114692.26653656829,3812.3082044078606
G37,31,115527.1293552247,3840.058587840244
G38,0,147590.82115214955,0.0
G38,1,167585.50785804688,0.0
G38,2,167940.99900800028,0.0
G38,3,169191.94449260776,0.0
G38,4,163915.9093388824,0.0
G38,5,163256.8000274895,0.0
G38,6,148350.26693755385,0.0
G38,7,140833.40202842606,0.0
G38,8,142842.2634790289,0.0
G38,9,144921.79095040148,0.0
G38,10,138868.06258885853,0.0
G38,11,137658.6369280885,0.0
G38,12,137045.85719146507,0.0
G38,13,138677.17974616034,0.0
G38,14,134286.13985799238,0.0
G38,15,130547.873620826,0.0
G38,16,135325.64128296275,0.0
G38,17,126471.885864172,0.0
G38,18,123862.11142672633,0.0
G38,19,121467.4082118374,0.0
G38,20,115613.50478972675,0.0
G38,21,116915.53594059887,0.0
G38,22,112890.44938332595,0.0
G38,23,112248.30784868191,0.0
G38,24,108210.55182260508,0.0
G38,25,108495.67185123931,0.0
G38,26,123669.6895501647,4050.2856953037785
G38,27,127988.12532262974,4191.718076180003
G38,28,126423.90686100675,4140.48861419553
G38,29,129547.76231493332,4242.797491215094
G38,30,129039.39249548456,4226.14795473508
G38,31,126885.49730186284,4155.606086928653
G39,0,130686.83692370258,0.0
G39,1,134358.97851800377,0.0
G39,2,137222.65332780246,0.0
G39,3,133697.77679152382,0.0
G39,4,137755.65114832006,0.0
G39,5,126775.614703255,0.0
G39,6,129304.50145476391,0.0
G39,7,120958.37477539295,0.0
G39,8,121481.58465120816,0.0
G39,9,126332.10224610512,0.0
G39,10,123724.23595718271,0.0
G39,11,121904.88577072792,0.0
G39,12,126949.42614556928,0.0
G39,13,126497.31738302734,0.0
G39,14,126142.88436711692,0.0
G39,15,125969.21948550457,0.0
G39,16,134855.71803333395,0.0
G39,17,133104.3481179066,0.0
G39,18,128886.46896604725,0.0
G39,19,116121.06206314567,0.0
G39,20,116019.43735608178,0.0
G39,21,105407.58947514217,0.0
G39,22,106909.28526318658,0.0
G39,23,100588.1451313825,0.0
G39,24,111001.13152616876,0.0
G39,25,101907.91561201475,0.0
G39,26,111059.47502028536,0.0
G39,27,114991.53031959537,0.0
G39,28,106000.17698784222,0.0
G39,29,108124.35592467924,0.0
G39,30,115863.1386625672,0.0
G39,31,116844.38205319912,0.0
